Year,mode,input_panel_orientation,capacity_source,round,received_demand_total,desired_output_total,realized_output_total,unmet_capacity_total,capacity_penalty_total,supplier_demand_total,absolute_supplier_demand_total,residual_share,mean_capacity_stress,median_capacity_stress,share_capacity_binding,share_capacity_missing,converged
1995,transpose_row_output_fd_without_inventory,transpose_row_fd_without_inventory,input_panel:transpose_row_fd_without_inventory:K:data\abm_v3\inputs\abm_v3_historical_panel_1995_2016_transpose_row_fd_without_inventory.parquet,0,28216445285.589195,28216445285.589195,28216445285.589195,0.0,0.0,9679510766.309814,9679510766.309814,0.3430450103951744,1.0,1.0,0.0,0.0,False
1995,transpose_row_output_fd_without_inventory,transpose_row_fd_without_inventory,input_panel:transpose_row_fd_without_inventory:K:data\abm_v3\inputs\abm_v3_historical_panel_1995_2016_transpose_row_fd_without_inventory.parquet,1,9679510766.309814,9679510766.309814,9678111978.917046,1398787.392771178,1398787.392771178,4706983737.589544,4706983737.589544,0.16681703488686833,0.9986325122311156,1.0,0.004069175991861648,0.0,False
1995,transpose_row_output_fd_without_inventory,transpose_row_fd_without_inventory,input_panel:transpose_row_fd_without_inventory:K:data\abm_v3\inputs\abm_v3_historical_panel_1995_2016_transpose_row_fd_without_inventory.parquet,2,4706983737.589544,4706983737.589544,4706625717.980204,358019.60934051516,358019.60934051516,2407727692.944248,2407727692.944248,0.08533065269472238,0.9989242868606484,1.0,0.002644964394710071,0.0,False
1995,transpose_row_output_fd_without_inventory,transpose_row_fd_without_inventory,input_panel:transpose_row_fd_without_inventory:K:data\abm_v3\inputs\abm_v3_historical_panel_1995_2016_transpose_row_fd_without_inventory.parquet,3,2407727692.944248,2407727692.944248,2407581611.477545,146081.4667031069,146081.4667031069,1255099992.5015225,1255099992.5015225,0.04448115203024995,0.9993213973338747,1.0,0.0016276703967446592,0.0,False
1995,transpose_row_output_fd_without_inventory,transpose_row_fd_without_inventory,input_panel:transpose_row_fd_without_inventory:K:data\abm_v3\inputs\abm_v3_historical_panel_1995_2016_transpose_row_fd_without_inventory.parquet,4,1255099992.5015225,1255099992.5015225,1255046240.0561047,53752.4454178993,53752.4454178993,660151542.4442961,660151542.4442961,0.023395985417817712,0.9995822675669089,1.0,0.0012207527975584944,0.0,False
1995,transpose_row_output_fd_without_inventory,transpose_row_fd_without_inventory,input_panel:transpose_row_fd_without_inventory:K:data\abm_v3\inputs\abm_v3_historical_panel_1995_2016_transpose_row_fd_without_inventory.parquet,5,660151542.4442961,660151542.4442961,660139962.345453,11580.098843058711,11580.098843058711,349480036.9470924,349480036.9470924,0.01238568619859356,0.9997462602252543,1.0,0.0006103763987792472,0.0,False
1995,transpose_row_output_fd_without_inventory,transpose_row_fd_without_inventory,input_panel:transpose_row_fd_without_inventory:K:data\abm_v3\inputs\abm_v3_historical_panel_1995_2016_transpose_row_fd_without_inventory.parquet,6,349480036.9470924,349480036.9470924,349475930.6968978,4106.250194645718,4106.250194645718,186190087.29462102,186190087.29462102,0.006598637263132245,0.9998349252860306,1.0,0.0006103763987792472,0.0,False
1995,transpose_row_output_fd_without_inventory,transpose_row_fd_without_inventory,input_panel:transpose_row_fd_without_inventory:K:data\abm_v3\inputs\abm_v3_historical_panel_1995_2016_transpose_row_fd_without_inventory.parquet,7,186190087.29462102,186190087.29462102,186188967.84041885,1119.4542021809368,1119.4542021809368,99945802.87204361,99945802.87204361,0.003542111767107967,0.9999241621366526,1.0,0.0002034587995930824,0.0,False
1995,transpose_row_output_fd_without_inventory,transpose_row_fd_without_inventory,input_panel:transpose_row_fd_without_inventory:K:data\abm_v3\inputs\abm_v3_historical_panel_1995_2016_transpose_row_fd_without_inventory.parquet,8,99945802.87204361,99945802.87204361,99945592.4130864,210.45895721273246,210.45895721273246,54191364.05313723,54191364.05313723,0.00192055957101067,0.9999728030613622,1.0,0.0002034587995930824,0.0,False
1995,transpose_row_output_fd_without_inventory,transpose_row_fd_without_inventory,input_panel:transpose_row_fd_without_inventory:K:data\abm_v3\inputs\abm_v3_historical_panel_1995_2016_transpose_row_fd_without_inventory.parquet,9,54191364.05313723,54191364.05313723,54191364.05313723,0.0,0.0,29804262.773577496,29804262.773577496,0.0010562727683064753,1.0,1.0,0.0,0.0,False
1995,transpose_row_output_fd_without_inventory,transpose_row_fd_without_inventory,input_panel:transpose_row_fd_without_inventory:K:data\abm_v3\inputs\abm_v3_historical_panel_1995_2016_transpose_row_fd_without_inventory.parquet,10,29804262.773577496,29804262.773577496,29804262.773577496,0.0,0.0,16735643.397740487,16735643.397740487,0.0005931166462803085,1.0,1.0,0.0,0.0,False
1995,transpose_row_output_fd_without_inventory,transpose_row_fd_without_inventory,input_panel:transpose_row_fd_without_inventory:K:data\abm_v3\inputs\abm_v3_historical_panel_1995_2016_transpose_row_fd_without_inventory.parquet,11,16735643.397740487,16735643.397740487,16735643.397740487,0.0,0.0,9684750.108403033,9684750.108403033,0.000343230694383366,1.0,1.0,0.0,0.0,False
1995,transpose_row_output_fd_without_inventory,transpose_row_fd_without_inventory,input_panel:transpose_row_fd_without_inventory:K:data\abm_v3\inputs\abm_v3_historical_panel_1995_2016_transpose_row_fd_without_inventory.parquet,12,9684750.108403033,9684750.108403033,9684750.108403033,0.0,0.0,5845724.453499734,5845724.453499734,0.0002071743763019392,1.0,1.0,0.0,0.0,False
1995,transpose_row_output_fd_without_inventory,transpose_row_fd_without_inventory,input_panel:transpose_row_fd_without_inventory:K:data\abm_v3\inputs\abm_v3_historical_panel_1995_2016_transpose_row_fd_without_inventory.parquet,13,5845724.453499734,5845724.453499734,5845724.453499734,0.0,0.0,3728453.1701411936,3728453.1701411936,0.00013213759325117407,1.0,1.0,0.0,0.0,False
1995,transpose_row_output_fd_without_inventory,transpose_row_fd_without_inventory,input_panel:transpose_row_fd_without_inventory:K:data\abm_v3\inputs\abm_v3_historical_panel_1995_2016_transpose_row_fd_without_inventory.parquet,14,3728453.1701411936,3728453.1701411936,3728453.1701411936,0.0,0.0,2538978.896895874,2538978.896895874,8.998223806003622e-05,1.0,1.0,0.0,0.0,False
1995,transpose_row_output_fd_without_inventory,transpose_row_fd_without_inventory,input_panel:transpose_row_fd_without_inventory:K:data\abm_v3\inputs\abm_v3_historical_panel_1995_2016_transpose_row_fd_without_inventory.parquet,15,2538978.896895874,2538978.896895874,2538978.896895874,0.0,0.0,1852810.7717647122,1852810.7717647122,6.566421648835356e-05,1.0,1.0,0.0,0.0,False
1995,transpose_row_output_fd_without_inventory,transpose_row_fd_without_inventory,input_panel:transpose_row_fd_without_inventory:K:data\abm_v3\inputs\abm_v3_historical_panel_1995_2016_transpose_row_fd_without_inventory.parquet,16,1852810.7717647122,1852810.7717647122,1852810.7717647122,0.0,0.0,1442130.2742530564,1442130.2742530564,5.1109566058258455e-05,1.0,1.0,0.0,0.0,False
1995,transpose_row_output_fd_without_inventory,transpose_row_fd_without_inventory,input_panel:transpose_row_fd_without_inventory:K:data\abm_v3\inputs\abm_v3_historical_panel_1995_2016_transpose_row_fd_without_inventory.parquet,17,1442130.2742530564,1442130.2742530564,1442130.2742530564,0.0,0.0,1184127.2194957978,1184127.2194957978,4.1965853866807225e-05,1.0,1.0,0.0,0.0,False
1995,transpose_row_output_fd_without_inventory,transpose_row_fd_without_inventory,input_panel:transpose_row_fd_without_inventory:K:data\abm_v3\inputs\abm_v3_historical_panel_1995_2016_transpose_row_fd_without_inventory.parquet,18,1184127.2194957978,1184127.2194957978,1184127.2194957978,0.0,0.0,1012236.2209126292,1012236.2209126292,3.5873980959238766e-05,1.0,1.0,0.0,0.0,False
1995,transpose_row_output_fd_without_inventory,transpose_row_fd_without_inventory,input_panel:transpose_row_fd_without_inventory:K:data\abm_v3\inputs\abm_v3_historical_panel_1995_2016_transpose_row_fd_without_inventory.parquet,19,1012236.2209126292,1012236.2209126292,1012236.2209126292,0.0,0.0,890122.9108598401,890122.9108598401,3.154624552634371e-05,1.0,1.0,0.0,0.0,False
1995,transpose_row_output_fd_without_inventory,transpose_row_fd_without_inventory,input_panel:transpose_row_fd_without_inventory:K:data\abm_v3\inputs\abm_v3_historical_panel_1995_2016_transpose_row_fd_without_inventory.parquet,20,890122.9108598401,890122.9108598401,890122.9108598401,0.0,0.0,797766.9167662226,797766.9167662226,2.8273119051380328e-05,1.0,1.0,0.0,0.0,False
1995,transpose_row_output_fd_without_inventory,transpose_row_fd_without_inventory,input_panel:transpose_row_fd_without_inventory:K:data\abm_v3\inputs\abm_v3_historical_panel_1995_2016_transpose_row_fd_without_inventory.parquet,21,797766.9167662226,797766.9167662226,797766.9167662226,0.0,0.0,723994.0826757728,723994.0826757728,2.5658585812208374e-05,1.0,1.0,0.0,0.0,False
1995,transpose_row_output_fd_without_inventory,transpose_row_fd_without_inventory,input_panel:transpose_row_fd_without_inventory:K:data\abm_v3\inputs\abm_v3_historical_panel_1995_2016_transpose_row_fd_without_inventory.parquet,22,723994.0826757728,723994.0826757728,723994.0826757728,0.0,0.0,662456.1265285959,662456.1265285959,2.3477660627468476e-05,1.0,1.0,0.0,0.0,False
1995,transpose_row_output_fd_without_inventory,transpose_row_fd_without_inventory,input_panel:transpose_row_fd_without_inventory:K:data\abm_v3\inputs\abm_v3_historical_panel_1995_2016_transpose_row_fd_without_inventory.parquet,23,662456.1265285959,662456.1265285959,662456.1265285959,0.0,0.0,609458.129749161,609458.129749161,2.159939438085157e-05,1.0,1.0,0.0,0.0,False
1995,transpose_row_output_fd_without_inventory,transpose_row_fd_without_inventory,input_panel:transpose_row_fd_without_inventory:K:data\abm_v3\inputs\abm_v3_historical_panel_1995_2016_transpose_row_fd_without_inventory.parquet,24,609458.129749161,609458.129749161,609458.129749161,0.0,0.0,562779.3237321699,562779.3237321699,1.9945082310548686e-05,1.0,1.0,0.0,0.0,False
1995,transpose_row_output_fd_without_inventory,transpose_row_fd_without_inventory,input_panel:transpose_row_fd_without_inventory:K:data\abm_v3\inputs\abm_v3_historical_panel_1995_2016_transpose_row_fd_without_inventory.parquet,25,562779.3237321699,562779.3237321699,562779.3237321699,0.0,0.0,521029.50886697235,521029.50886697235,1.8465455290113187e-05,1.0,1.0,0.0,0.0,False
1995,transpose_row_output_fd_without_inventory,transpose_row_fd_without_inventory,input_panel:transpose_row_fd_without_inventory:K:data\abm_v3\inputs\abm_v3_historical_panel_1995_2016_transpose_row_fd_without_inventory.parquet,26,521029.50886697235,521029.50886697235,521029.50886697235,0.0,0.0,483295.35065264435,483295.35065264435,1.712814444771591e-05,1.0,1.0,0.0,0.0,False
1995,transpose_row_output_fd_without_inventory,transpose_row_fd_without_inventory,input_panel:transpose_row_fd_without_inventory:K:data\abm_v3\inputs\abm_v3_historical_panel_1995_2016_transpose_row_fd_without_inventory.parquet,27,483295.35065264435,483295.35065264435,483295.35065264435,0.0,0.0,448944.2182689479,448944.2182689479,1.591072914128678e-05,1.0,1.0,0.0,0.0,False
1995,transpose_row_output_fd_without_inventory,transpose_row_fd_without_inventory,input_panel:transpose_row_fd_without_inventory:K:data\abm_v3\inputs\abm_v3_historical_panel_1995_2016_transpose_row_fd_without_inventory.parquet,28,448944.2182689479,448944.2182689479,448944.2182689479,0.0,0.0,417514.0865113249,417514.0865113249,1.4796835047275044e-05,1.0,1.0,0.0,0.0,False
1995,transpose_row_output_fd_without_inventory,transpose_row_fd_without_inventory,input_panel:transpose_row_fd_without_inventory:K:data\abm_v3\inputs\abm_v3_historical_panel_1995_2016_transpose_row_fd_without_inventory.parquet,29,417514.0865113249,417514.0865113249,417514.0865113249,0.0,0.0,388650.7574341653,388650.7574341653,1.3773909275264322e-05,1.0,1.0,0.0,0.0,False
1995,transpose_row_output_fd_without_inventory,transpose_row_fd_without_inventory,input_panel:transpose_row_fd_without_inventory:K:data\abm_v3\inputs\abm_v3_historical_panel_1995_2016_transpose_row_fd_without_inventory.parquet,30,388650.7574341653,388650.7574341653,388650.7574341653,0.0,0.0,362071.3154335036,362071.3154335036,1.2831925204214932e-05,1.0,1.0,0.0,0.0,False
1995,transpose_row_output_fd_without_inventory,transpose_row_fd_without_inventory,input_panel:transpose_row_fd_without_inventory:K:data\abm_v3\inputs\abm_v3_historical_panel_1995_2016_transpose_row_fd_without_inventory.parquet,31,362071.3154335036,362071.3154335036,362071.3154335036,0.0,0.0,337542.282659711,337542.282659711,1.1962608303183458e-05,1.0,1.0,0.0,0.0,False
1995,transpose_row_output_fd_without_inventory,transpose_row_fd_without_inventory,input_panel:transpose_row_fd_without_inventory:K:data\abm_v3\inputs\abm_v3_historical_panel_1995_2016_transpose_row_fd_without_inventory.parquet,32,337542.282659711,337542.282659711,337542.282659711,0.0,0.0,314866.1279478393,314866.1279478393,1.115895800342536e-05,1.0,1.0,0.0,0.0,False
1995,transpose_row_output_fd_without_inventory,transpose_row_fd_without_inventory,input_panel:transpose_row_fd_without_inventory:K:data\abm_v3\inputs\abm_v3_historical_panel_1995_2016_transpose_row_fd_without_inventory.parquet,33,314866.1279478393,314866.1279478393,314866.1279478393,0.0,0.0,293872.6093423304,293872.6093423304,1.0414940874654331e-05,1.0,1.0,0.0,0.0,False
1995,transpose_row_output_fd_without_inventory,transpose_row_fd_without_inventory,input_panel:transpose_row_fd_without_inventory:K:data\abm_v3\inputs\abm_v3_historical_panel_1995_2016_transpose_row_fd_without_inventory.parquet,34,293872.6093423304,293872.6093423304,293872.6093423304,0.0,0.0,274412.9785772753,274412.9785772753,9.725285229937326e-06,1.0,1.0,0.0,0.0,False
1995,transpose_row_output_fd_without_inventory,transpose_row_fd_without_inventory,input_panel:transpose_row_fd_without_inventory:K:data\abm_v3\inputs\abm_v3_historical_panel_1995_2016_transpose_row_fd_without_inventory.parquet,35,274412.9785772753,274412.9785772753,274412.9785772753,0.0,0.0,256355.9289010645,256355.9289010645,9.085337515281967e-06,1.0,1.0,0.0,0.0,False
1995,transpose_row_output_fd_without_inventory,transpose_row_fd_without_inventory,input_panel:transpose_row_fd_without_inventory:K:data\abm_v3\inputs\abm_v3_historical_panel_1995_2016_transpose_row_fd_without_inventory.parquet,36,256355.9289010645,256355.9289010645,256355.9289010645,0.0,0.0,239584.64110704573,239584.64110704573,8.490957620002093e-06,1.0,1.0,0.0,0.0,False
1995,transpose_row_output_fd_without_inventory,transpose_row_fd_without_inventory,input_panel:transpose_row_fd_without_inventory:K:data\abm_v3\inputs\abm_v3_historical_panel_1995_2016_transpose_row_fd_without_inventory.parquet,37,239584.64110704573,239584.64110704573,239584.64110704573,0.0,0.0,223994.54791481147,223994.54791481147,7.93843964566333e-06,1.0,1.0,0.0,0.0,False
1995,transpose_row_output_fd_without_inventory,transpose_row_fd_without_inventory,input_panel:transpose_row_fd_without_inventory:K:data\abm_v3\inputs\abm_v3_historical_panel_1995_2016_transpose_row_fd_without_inventory.parquet,38,223994.54791481147,223994.54791481147,223994.54791481147,0.0,0.0,209491.58727383616,209491.58727383616,7.424450002595772e-06,1.0,1.0,0.0,0.0,False
1995,transpose_row_output_fd_without_inventory,transpose_row_fd_without_inventory,input_panel:transpose_row_fd_without_inventory:K:data\abm_v3\inputs\abm_v3_historical_panel_1995_2016_transpose_row_fd_without_inventory.parquet,39,209491.58727383616,209491.58727383616,209491.58727383616,0.0,0.0,195990.80176720858,195990.80176720858,6.945977772306624e-06,1.0,1.0,0.0,0.0,False
1995,transpose_row_output_fd_without_inventory,transpose_row_fd_without_inventory,input_panel:transpose_row_fd_without_inventory:K:data\abm_v3\inputs\abm_v3_historical_panel_1995_2016_transpose_row_fd_without_inventory.parquet,40,195990.80176720858,195990.80176720858,195990.80176720858,0.0,0.0,183415.19211531675,183415.19211531675,6.500294075277839e-06,1.0,1.0,0.0,0.0,False
1995,transpose_row_output_fd_without_inventory,transpose_row_fd_without_inventory,input_panel:transpose_row_fd_without_inventory:K:data\abm_v3\inputs\abm_v3_historical_panel_1995_2016_transpose_row_fd_without_inventory.parquet,41,183415.19211531675,183415.19211531675,183415.19211531675,0.0,0.0,171694.76330799673,171694.76330799673,6.084918265579163e-06,1.0,1.0,0.0,0.0,False
1995,transpose_row_output_fd_without_inventory,transpose_row_fd_without_inventory,input_panel:transpose_row_fd_without_inventory:K:data\abm_v3\inputs\abm_v3_historical_panel_1995_2016_transpose_row_fd_without_inventory.parquet,42,171694.76330799673,171694.76330799673,171694.76330799673,0.0,0.0,160765.72074772758,160765.72074772758,5.697589441921461e-06,1.0,1.0,0.0,0.0,False
1995,transpose_row_output_fd_without_inventory,transpose_row_fd_without_inventory,input_panel:transpose_row_fd_without_inventory:K:data\abm_v3\inputs\abm_v3_historical_panel_1995_2016_transpose_row_fd_without_inventory.parquet,43,160765.72074772758,160765.72074772758,160765.72074772758,0.0,0.0,150569.7858033096,150569.7858033096,5.336242190656424e-06,1.0,1.0,0.0,0.0,False
1995,transpose_row_output_fd_without_inventory,transpose_row_fd_without_inventory,input_panel:transpose_row_fd_without_inventory:K:data\abm_v3\inputs\abm_v3_historical_panel_1995_2016_transpose_row_fd_without_inventory.parquet,44,150569.7858033096,150569.7858033096,150569.7858033096,0.0,0.0,141053.60809807232,141053.60809807232,4.998985757079462e-06,1.0,1.0,0.0,0.0,False
1995,transpose_row_output_fd_without_inventory,transpose_row_fd_without_inventory,input_panel:transpose_row_fd_without_inventory:K:data\abm_v3\inputs\abm_v3_historical_panel_1995_2016_transpose_row_fd_without_inventory.parquet,45,141053.60809807232,141053.60809807232,141053.60809807232,0.0,0.0,132168.25726791105,132168.25726791105,4.6840860331691925e-06,1.0,1.0,0.0,0.0,False
1995,transpose_row_output_fd_without_inventory,transpose_row_fd_without_inventory,input_panel:transpose_row_fd_without_inventory:K:data\abm_v3\inputs\abm_v3_historical_panel_1995_2016_transpose_row_fd_without_inventory.parquet,46,132168.25726791105,132168.25726791105,132168.25726791105,0.0,0.0,123868.7807460702,123868.7807460702,4.389949885336297e-06,1.0,1.0,0.0,0.0,False
1995,transpose_row_output_fd_without_inventory,transpose_row_fd_without_inventory,input_panel:transpose_row_fd_without_inventory:K:data\abm_v3\inputs\abm_v3_historical_panel_1995_2016_transpose_row_fd_without_inventory.parquet,47,123868.7807460702,123868.7807460702,123868.7807460702,0.0,0.0,116113.81691507003,116113.81691507003,4.115111444401967e-06,1.0,1.0,0.0,0.0,False
1995,transpose_row_output_fd_without_inventory,transpose_row_fd_without_inventory,input_panel:transpose_row_fd_without_inventory:K:data\abm_v3\inputs\abm_v3_historical_panel_1995_2016_transpose_row_fd_without_inventory.parquet,48,116113.81691507003,116113.81691507003,116113.81691507003,0.0,0.0,108865.2550489421,108865.2550489421,3.858220053840097e-06,1.0,1.0,0.0,0.0,False
1995,transpose_row_output_fd_without_inventory,transpose_row_fd_without_inventory,input_panel:transpose_row_fd_without_inventory:K:data\abm_v3\inputs\abm_v3_historical_panel_1995_2016_transpose_row_fd_without_inventory.parquet,49,108865.2550489421,108865.2550489421,108865.2550489421,0.0,0.0,102087.93506314332,102087.93506314332,3.6180296288165697e-06,1.0,1.0,0.0,0.0,False
1995,transpose_row_output_fd_without_inventory,transpose_row_fd_without_inventory,input_panel:transpose_row_fd_without_inventory:K:data\abm_v3\inputs\abm_v3_historical_panel_1995_2016_transpose_row_fd_without_inventory.parquet,50,102087.93506314332,102087.93506314332,102087.93506314332,0.0,0.0,95749.38133266658,95749.38133266658,3.393389222616502e-06,1.0,1.0,0.0,0.0,False
1995,transpose_row_output_fd_without_inventory,transpose_row_fd_without_inventory,input_panel:transpose_row_fd_without_inventory:K:data\abm_v3\inputs\abm_v3_historical_panel_1995_2016_transpose_row_fd_without_inventory.parquet,51,95749.38133266658,95749.38133266658,95749.38133266658,0.0,0.0,89819.56582296689,89819.56582296689,3.1832346319272137e-06,1.0,1.0,0.0,0.0,False
1995,transpose_row_output_fd_without_inventory,transpose_row_fd_without_inventory,input_panel:transpose_row_fd_without_inventory:K:data\abm_v3\inputs\abm_v3_historical_panel_1995_2016_transpose_row_fd_without_inventory.parquet,52,89819.56582296689,89819.56582296689,89819.56582296689,0.0,0.0,84270.69656679891,84270.69656679891,2.9865809003885388e-06,1.0,1.0,0.0,0.0,False
1995,transpose_row_output_fd_without_inventory,transpose_row_fd_without_inventory,input_panel:transpose_row_fd_without_inventory:K:data\abm_v3\inputs\abm_v3_historical_panel_1995_2016_transpose_row_fd_without_inventory.parquet,53,84270.69656679891,84270.69656679891,84270.69656679891,0.0,0.0,79077.02815802857,79077.02815802857,2.802515602431858e-06,1.0,1.0,0.0,0.0,False
1995,transpose_row_output_fd_without_inventory,transpose_row_fd_without_inventory,input_panel:transpose_row_fd_without_inventory:K:data\abm_v3\inputs\abm_v3_historical_panel_1995_2016_transpose_row_fd_without_inventory.parquet,54,79077.02815802857,79077.02815802857,79077.02815802857,0.0,0.0,74214.69145384606,74214.69145384606,2.6301928078711337e-06,1.0,1.0,0.0,0.0,False
1995,transpose_row_output_fd_without_inventory,transpose_row_fd_without_inventory,input_panel:transpose_row_fd_without_inventory:K:data\abm_v3\inputs\abm_v3_historical_panel_1995_2016_transpose_row_fd_without_inventory.parquet,55,74214.69145384606,74214.69145384606,74214.69145384606,0.0,0.0,69661.54010410221,69661.54010410221,2.4688276428526595e-06,1.0,1.0,0.0,0.0,False
1995,transpose_row_output_fd_without_inventory,transpose_row_fd_without_inventory,input_panel:transpose_row_fd_without_inventory:K:data\abm_v3\inputs\abm_v3_historical_panel_1995_2016_transpose_row_fd_without_inventory.parquet,56,69661.54010410221,69661.54010410221,69661.54010410221,0.0,0.0,65397.0118794348,65397.0118794348,2.3176913752787492e-06,1.0,1.0,0.0,0.0,False
1995,transpose_row_output_fd_without_inventory,transpose_row_fd_without_inventory,input_panel:transpose_row_fd_without_inventory:K:data\abm_v3\inputs\abm_v3_historical_panel_1995_2016_transpose_row_fd_without_inventory.parquet,57,65397.0118794348,65397.0118794348,65397.0118794348,0.0,0.0,61402.00306286393,61402.00306286393,2.1761069632050135e-06,1.0,1.0,0.0,0.0,False
1995,transpose_row_output_fd_without_inventory,transpose_row_fd_without_inventory,input_panel:transpose_row_fd_without_inventory:K:data\abm_v3\inputs\abm_v3_historical_panel_1995_2016_transpose_row_fd_without_inventory.parquet,58,61402.00306286393,61402.00306286393,61402.00306286393,0.0,0.0,57658.75441395213,57658.75441395213,2.043445013373099e-06,1.0,1.0,0.0,0.0,False
1995,transpose_row_output_fd_without_inventory,transpose_row_fd_without_inventory,input_panel:transpose_row_fd_without_inventory:K:data\abm_v3\inputs\abm_v3_historical_panel_1995_2016_transpose_row_fd_without_inventory.parquet,59,57658.75441395213,57658.75441395213,57658.75441395213,0.0,0.0,54150.74741937419,54150.74741937419,1.9191201042971295e-06,1.0,1.0,0.0,0.0,False
1995,transpose_row_output_fd_without_inventory,transpose_row_fd_without_inventory,input_panel:transpose_row_fd_without_inventory:K:data\abm_v3\inputs\abm_v3_historical_panel_1995_2016_transpose_row_fd_without_inventory.parquet,60,54150.74741937419,54150.74741937419,54150.74741937419,0.0,0.0,50862.60971598654,50862.60971598654,1.8025874344265212e-06,1.0,1.0,0.0,0.0,False
1995,transpose_row_output_fd_without_inventory,transpose_row_fd_without_inventory,input_panel:transpose_row_fd_without_inventory:K:data\abm_v3\inputs\abm_v3_historical_panel_1995_2016_transpose_row_fd_without_inventory.parquet,61,50862.60971598654,50862.60971598654,50862.60971598654,0.0,0.0,47780.028717935966,47780.028717935966,1.6933397610626153e-06,1.0,1.0,0.0,0.0,False
1995,transpose_row_output_fd_without_inventory,transpose_row_fd_without_inventory,input_panel:transpose_row_fd_without_inventory:K:data\abm_v3\inputs\abm_v3_historical_panel_1995_2016_transpose_row_fd_without_inventory.parquet,62,47780.028717935966,47780.028717935966,47780.028717935966,0.0,0.0,44889.672602674465,44889.672602674465,1.5909046000773414e-06,1.0,1.0,0.0,0.0,False
1995,transpose_row_output_fd_without_inventory,transpose_row_fd_without_inventory,input_panel:transpose_row_fd_without_inventory:K:data\abm_v3\inputs\abm_v3_historical_panel_1995_2016_transpose_row_fd_without_inventory.parquet,63,44889.672602674465,44889.672602674465,44889.672602674465,0.0,0.0,42179.11791567138,42179.11791567138,1.4948416602006649e-06,1.0,1.0,0.0,0.0,False
1995,transpose_row_output_fd_without_inventory,transpose_row_fd_without_inventory,input_panel:transpose_row_fd_without_inventory:K:data\abm_v3\inputs\abm_v3_historical_panel_1995_2016_transpose_row_fd_without_inventory.parquet,64,42179.11791567138,42179.11791567138,42179.11791567138,0.0,0.0,39636.783143250446,39636.783143250446,1.4047404888203224e-06,1.0,1.0,0.0,0.0,False
1995,transpose_row_output_fd_without_inventory,transpose_row_fd_without_inventory,input_panel:transpose_row_fd_without_inventory:K:data\abm_v3\inputs\abm_v3_historical_panel_1995_2016_transpose_row_fd_without_inventory.parquet,65,39636.783143250446,39636.783143250446,39636.783143250446,0.0,0.0,37251.86767980502,37251.86767980502,1.3202183089600742e-06,1.0,1.0,0.0,0.0,False
1995,transpose_row_output_fd_without_inventory,transpose_row_fd_without_inventory,input_panel:transpose_row_fd_without_inventory:K:data\abm_v3\inputs\abm_v3_historical_panel_1995_2016_transpose_row_fd_without_inventory.parquet,66,37251.86767980502,37251.86767980502,37251.86767980502,0.0,0.0,35014.295681746335,35014.295681746335,1.240918029445366e-06,1.0,1.0,0.0,0.0,False
1995,transpose_row_output_fd_without_inventory,transpose_row_fd_without_inventory,input_panel:transpose_row_fd_without_inventory:K:data\abm_v3\inputs\abm_v3_historical_panel_1995_2016_transpose_row_fd_without_inventory.parquet,67,35014.295681746335,35014.295681746335,35014.295681746335,0.0,0.0,32914.664357607144,32914.664357607144,1.1665064122877817e-06,1.0,1.0,0.0,0.0,False
1995,transpose_row_output_fd_without_inventory,transpose_row_fd_without_inventory,input_panel:transpose_row_fd_without_inventory:K:data\abm_v3\inputs\abm_v3_historical_panel_1995_2016_transpose_row_fd_without_inventory.parquet,68,32914.664357607144,32914.664357607144,32914.664357607144,0.0,0.0,30944.196293174176,30944.196293174176,1.096672383072226e-06,1.0,1.0,0.0,0.0,False
1995,transpose_row_output_fd_without_inventory,transpose_row_fd_without_inventory,input_panel:transpose_row_fd_without_inventory:K:data\abm_v3\inputs\abm_v3_historical_panel_1995_2016_transpose_row_fd_without_inventory.parquet,69,30944.196293174176,30944.196293174176,30944.196293174176,0.0,0.0,29094.695453506658,29094.695453506658,1.0311254716541493e-06,1.0,1.0,0.0,0.0,False
1995,transpose_row_output_fd_without_inventory,transpose_row_fd_without_inventory,input_panel:transpose_row_fd_without_inventory:K:data\abm_v3\inputs\abm_v3_historical_panel_1995_2016_transpose_row_fd_without_inventory.parquet,70,29094.695453506658,29094.695453506658,29094.695453506658,0.0,0.0,27358.506541209328,27358.506541209328,9.695943718035228e-07,1.0,1.0,0.0,0.0,False
1995,transpose_row_output_fd_without_inventory,transpose_row_fd_without_inventory,input_panel:transpose_row_fd_without_inventory:K:data\abm_v3\inputs\abm_v3_historical_panel_1995_2016_transpose_row_fd_without_inventory.parquet,71,27358.506541209328,27358.506541209328,27358.506541209328,0.0,0.0,25728.477423149772,25728.477423149772,9.118256095954764e-07,1.0,1.0,0.0,0.0,False
1995,transpose_row_output_fd_without_inventory,transpose_row_fd_without_inventory,input_panel:transpose_row_fd_without_inventory:K:data\abm_v3\inputs\abm_v3_historical_panel_1995_2016_transpose_row_fd_without_inventory.parquet,72,25728.477423149772,25728.477423149772,25728.477423149772,0.0,0.0,24197.92436664124,24197.92436664124,8.575823113693096e-07,1.0,1.0,0.0,0.0,False
1995,transpose_row_output_fd_without_inventory,transpose_row_fd_without_inventory,input_panel:transpose_row_fd_without_inventory:K:data\abm_v3\inputs\abm_v3_historical_panel_1995_2016_transpose_row_fd_without_inventory.parquet,73,24197.92436664124,24197.92436664124,24197.92436664124,0.0,0.0,22760.599851503674,22760.599851503674,8.066430629774633e-07,1.0,1.0,0.0,0.0,False
1995,transpose_row_output_fd_without_inventory,transpose_row_fd_without_inventory,input_panel:transpose_row_fd_without_inventory:K:data\abm_v3\inputs\abm_v3_historical_panel_1995_2016_transpose_row_fd_without_inventory.parquet,74,22760.599851503674,22760.599851503674,22760.599851503674,0.0,0.0,21410.662746856553,21410.662746856553,7.588008528413564e-07,1.0,1.0,0.0,0.0,False
1995,transpose_row_output_fd_without_inventory,transpose_row_fd_without_inventory,input_panel:transpose_row_fd_without_inventory:K:data\abm_v3\inputs\abm_v3_historical_panel_1995_2016_transpose_row_fd_without_inventory.parquet,75,21410.662746856553,21410.662746856553,21410.662746856553,0.0,0.0,20142.65066138475,20142.65066138475,7.138620920358127e-07,1.0,1.0,0.0,0.0,False
1995,transpose_row_output_fd_without_inventory,transpose_row_fd_without_inventory,input_panel:transpose_row_fd_without_inventory:K:data\abm_v3\inputs\abm_v3_historical_panel_1995_2016_transpose_row_fd_without_inventory.parquet,76,20142.65066138475,20142.65066138475,20142.65066138475,0.0,0.0,18951.45429349349,18951.45429349349,6.71645705250209e-07,1.0,1.0,0.0,0.0,False
1995,transpose_row_output_fd_without_inventory,transpose_row_fd_without_inventory,input_panel:transpose_row_fd_without_inventory:K:data\abm_v3\inputs\abm_v3_historical_panel_1995_2016_transpose_row_fd_without_inventory.parquet,77,18951.45429349349,18951.45429349349,18951.45429349349,0.0,0.0,17832.293623522637,17832.293623522637,6.319822870328038e-07,1.0,1.0,0.0,0.0,False
1995,transpose_row_output_fd_without_inventory,transpose_row_fd_without_inventory,input_panel:transpose_row_fd_without_inventory:K:data\abm_v3\inputs\abm_v3_historical_panel_1995_2016_transpose_row_fd_without_inventory.parquet,78,17832.293623522637,17832.293623522637,17832.293623522637,0.0,0.0,16780.695804269268,16780.695804269268,5.94713318223666e-07,1.0,1.0,0.0,0.0,False
1995,transpose_row_output_fd_without_inventory,transpose_row_fd_without_inventory,input_panel:transpose_row_fd_without_inventory:K:data\abm_v3\inputs\abm_v3_historical_panel_1995_2016_transpose_row_fd_without_inventory.parquet,79,16780.695804269268,16780.695804269268,16780.695804269268,0.0,0.0,15792.474618677708,15792.474618677708,5.596904379285259e-07,1.0,1.0,0.0,0.0,False
1995,transpose_row_output_fd_without_inventory,transpose_row_fd_without_inventory,input_panel:transpose_row_fd_without_inventory:K:data\abm_v3\inputs\abm_v3_historical_panel_1995_2016_transpose_row_fd_without_inventory.parquet,80,15792.474618677708,15792.474618677708,15792.474618677708,0.0,0.0,14863.71138488299,14863.71138488299,5.267747667873047e-07,1.0,1.0,0.0,0.0,False
1995,transpose_row_output_fd_without_inventory,transpose_row_fd_without_inventory,input_panel:transpose_row_fd_without_inventory:K:data\abm_v3\inputs\abm_v3_historical_panel_1995_2016_transpose_row_fd_without_inventory.parquet,81,14863.71138488299,14863.71138488299,14863.71138488299,0.0,0.0,13990.737198986622,13990.737198986622,4.958362776523102e-07,1.0,1.0,0.0,0.0,False
1995,transpose_row_output_fd_without_inventory,transpose_row_fd_without_inventory,input_panel:transpose_row_fd_without_inventory:K:data\abm_v3\inputs\abm_v3_historical_panel_1995_2016_transpose_row_fd_without_inventory.parquet,82,13990.737198986622,13990.737198986622,13990.737198986622,0.0,0.0,13170.116415139506,13170.116415139506,4.6675321011700206e-07,1.0,1.0,0.0,0.0,False
1995,transpose_row_output_fd_without_inventory,transpose_row_fd_without_inventory,input_panel:transpose_row_fd_without_inventory:K:data\abm_v3\inputs\abm_v3_historical_panel_1995_2016_transpose_row_fd_without_inventory.parquet,83,13170.116415139506,13170.116415139506,13170.116415139506,0.0,0.0,12398.63127081704,12398.63127081704,4.394115256307397e-07,1.0,1.0,0.0,0.0,False
1995,transpose_row_output_fd_without_inventory,transpose_row_fd_without_inventory,input_panel:transpose_row_fd_without_inventory:K:data\abm_v3\inputs\abm_v3_historical_panel_1995_2016_transpose_row_fd_without_inventory.parquet,84,12398.63127081704,12398.63127081704,12398.63127081704,0.0,0.0,11673.267572699302,11673.267572699302,4.137044002017191e-07,1.0,1.0,0.0,0.0,False
1995,transpose_row_output_fd_without_inventory,transpose_row_fd_without_inventory,input_panel:transpose_row_fd_without_inventory:K:data\abm_v3\inputs\abm_v3_historical_panel_1995_2016_transpose_row_fd_without_inventory.parquet,85,11673.267572699302,11673.267572699302,11673.267572699302,0.0,0.0,10991.201365396737,10991.201365396737,3.8953175193227487e-07,1.0,1.0,0.0,0.0,False
1995,transpose_row_output_fd_without_inventory,transpose_row_fd_without_inventory,input_panel:transpose_row_fd_without_inventory:K:data\abm_v3\inputs\abm_v3_historical_panel_1995_2016_transpose_row_fd_without_inventory.parquet,86,10991.201365396737,10991.201365396737,10991.201365396737,0.0,0.0,10349.786511469552,10349.786511469552,3.66799800850727e-07,1.0,1.0,0.0,0.0,False
1995,transpose_row_output_fd_without_inventory,transpose_row_fd_without_inventory,input_panel:transpose_row_fd_without_inventory:K:data\abm_v3\inputs\abm_v3_historical_panel_1995_2016_transpose_row_fd_without_inventory.parquet,87,10349.786511469552,10349.786511469552,10349.786511469552,0.0,0.0,9746.54311683749,9746.54311683749,3.4542065870413805e-07,1.0,1.0,0.0,0.0,False
1995,transpose_row_output_fd_without_inventory,transpose_row_fd_without_inventory,input_panel:transpose_row_fd_without_inventory:K:data\abm_v3\inputs\abm_v3_historical_panel_1995_2016_transpose_row_fd_without_inventory.parquet,88,9746.54311683749,9746.54311683749,9746.54311683749,0.0,0.0,9179.146740828333,9179.146740828333,3.253119465589218e-07,1.0,1.0,0.0,0.0,False
1995,transpose_row_output_fd_without_inventory,transpose_row_fd_without_inventory,input_panel:transpose_row_fd_without_inventory:K:data\abm_v3\inputs\abm_v3_historical_panel_1995_2016_transpose_row_fd_without_inventory.parquet,89,9179.146740828333,9179.146740828333,9179.146740828333,0.0,0.0,8645.418334815564,8645.418334815564,3.0639643822288924e-07,1.0,1.0,0.0,0.0,False
1995,transpose_row_output_fd_without_inventory,transpose_row_fd_without_inventory,input_panel:transpose_row_fd_without_inventory:K:data\abm_v3\inputs\abm_v3_historical_panel_1995_2016_transpose_row_fd_without_inventory.parquet,90,8645.418334815564,8645.418334815564,8645.418334815564,0.0,0.0,8143.314857694981,8143.314857694981,2.886017276546867e-07,1.0,1.0,0.0,0.0,False
1995,transpose_row_output_fd_without_inventory,transpose_row_fd_without_inventory,input_panel:transpose_row_fd_without_inventory:K:data\abm_v3\inputs\abm_v3_historical_panel_1995_2016_transpose_row_fd_without_inventory.parquet,91,8143.314857694981,8143.314857694981,8143.314857694981,0.0,0.0,7670.920520385755,7670.920520385755,2.718599186660651e-07,1.0,1.0,0.0,0.0,False
1995,transpose_row_output_fd_without_inventory,transpose_row_fd_without_inventory,input_panel:transpose_row_fd_without_inventory:K:data\abm_v3\inputs\abm_v3_historical_panel_1995_2016_transpose_row_fd_without_inventory.parquet,92,7670.920520385755,7670.920520385755,7670.920520385755,0.0,0.0,7226.43861514724,7226.43861514724,2.5610733535020985e-07,1.0,1.0,0.0,0.0,False
1995,transpose_row_output_fd_without_inventory,transpose_row_fd_without_inventory,input_panel:transpose_row_fd_without_inventory:K:data\abm_v3\inputs\abm_v3_historical_panel_1995_2016_transpose_row_fd_without_inventory.parquet,93,7226.43861514724,7226.43861514724,7226.43861514724,0.0,0.0,6808.183888812456,6808.183888812456,2.4128425178665423e-07,1.0,1.0,0.0,0.0,False
1995,transpose_row_output_fd_without_inventory,transpose_row_fd_without_inventory,input_panel:transpose_row_fd_without_inventory:K:data\abm_v3\inputs\abm_v3_historical_panel_1995_2016_transpose_row_fd_without_inventory.parquet,94,6808.183888812456,6808.183888812456,6808.183888812456,0.0,0.0,6414.5754220771305,6414.5754220771305,2.2733463968096666e-07,1.0,1.0,0.0,0.0,False
1995,transpose_row_output_fd_without_inventory,transpose_row_fd_without_inventory,input_panel:transpose_row_fd_without_inventory:K:data\abm_v3\inputs\abm_v3_historical_panel_1995_2016_transpose_row_fd_without_inventory.parquet,95,6414.5754220771305,6414.5754220771305,6414.5754220771305,0.0,0.0,6044.129979777429,6044.129979777429,2.1420593269643035e-07,1.0,1.0,0.0,0.0,False
1995,transpose_row_output_fd_without_inventory,transpose_row_fd_without_inventory,input_panel:transpose_row_fd_without_inventory:K:data\abm_v3\inputs\abm_v3_historical_panel_1995_2016_transpose_row_fd_without_inventory.parquet,96,6044.129979777429,6044.129979777429,6044.129979777429,0.0,0.0,5695.455799659518,5695.455799659518,2.018488063260159e-07,1.0,1.0,0.0,0.0,False
1995,transpose_row_output_fd_without_inventory,transpose_row_fd_without_inventory,input_panel:transpose_row_fd_without_inventory:K:data\abm_v3\inputs\abm_v3_historical_panel_1995_2016_transpose_row_fd_without_inventory.parquet,97,5695.455799659518,5695.455799659518,5695.455799659518,0.0,0.0,5367.2467895111195,5367.2467895111195,1.902169722368359e-07,1.0,1.0,0.0,0.0,False
1995,transpose_row_output_fd_without_inventory,transpose_row_fd_without_inventory,input_panel:transpose_row_fd_without_inventory:K:data\abm_v3\inputs\abm_v3_historical_panel_1995_2016_transpose_row_fd_without_inventory.parquet,98,5367.2467895111195,5367.2467895111195,5367.2467895111195,0.0,0.0,5058.2771047072765,5058.2771047072765,1.7926698609660296e-07,1.0,1.0,0.0,0.0,False
1995,transpose_row_output_fd_without_inventory,transpose_row_fd_without_inventory,input_panel:transpose_row_fd_without_inventory:K:data\abm_v3\inputs\abm_v3_historical_panel_1995_2016_transpose_row_fd_without_inventory.parquet,99,5058.2771047072765,5058.2771047072765,5058.2771047072765,0.0,0.0,4767.396080234028,4767.396080234028,1.689580679629e-07,1.0,1.0,0.0,0.0,False
1995,transpose_row_output_fd_without_inventory,transpose_row_fd_without_inventory,input_panel:transpose_row_fd_without_inventory:K:data\abm_v3\inputs\abm_v3_historical_panel_1995_2016_transpose_row_fd_without_inventory.parquet,100,4767.396080234028,4767.396080234028,4767.396080234028,0.0,0.0,4493.523493111783,4493.523493111783,1.5925193438192342e-07,1.0,1.0,0.0,0.0,False
1995,transpose_row_output_fd_without_inventory,transpose_row_fd_without_inventory,input_panel:transpose_row_fd_without_inventory:K:data\abm_v3\inputs\abm_v3_historical_panel_1995_2016_transpose_row_fd_without_inventory.parquet,101,4493.523493111783,4493.523493111783,4493.523493111783,0.0,0.0,4235.6451328546245,4235.6451328546245,1.5011264140412004e-07,1.0,1.0,0.0,0.0,False
1995,transpose_row_output_fd_without_inventory,transpose_row_fd_without_inventory,input_panel:transpose_row_fd_without_inventory:K:data\abm_v3\inputs\abm_v3_historical_panel_1995_2016_transpose_row_fd_without_inventory.parquet,102,4235.6451328546245,4235.6451328546245,4235.6451328546245,0.0,0.0,3992.808659187837,3992.808659187837,1.4150643778034855e-07,1.0,1.0,0.0,0.0,False
1995,transpose_row_output_fd_without_inventory,transpose_row_fd_without_inventory,input_panel:transpose_row_fd_without_inventory:K:data\abm_v3\inputs\abm_v3_historical_panel_1995_2016_transpose_row_fd_without_inventory.parquet,103,3992.808659187837,3992.808659187837,3992.808659187837,0.0,0.0,3764.1197277113315,3764.1197277113315,1.3340162765413106e-07,1.0,1.0,0.0,0.0,False
1995,transpose_row_output_fd_without_inventory,transpose_row_fd_without_inventory,input_panel:transpose_row_fd_without_inventory:K:data\abm_v3\inputs\abm_v3_historical_panel_1995_2016_transpose_row_fd_without_inventory.parquet,104,3764.1197277113315,3764.1197277113315,3764.1197277113315,0.0,0.0,3548.738365553317,3548.738365553317,1.257684421136401e-07,1.0,1.0,0.0,0.0,False
1995,transpose_row_output_fd_without_inventory,transpose_row_fd_without_inventory,input_panel:transpose_row_fd_without_inventory:K:data\abm_v3\inputs\abm_v3_historical_panel_1995_2016_transpose_row_fd_without_inventory.parquet,105,3548.738365553317,3548.738365553317,3548.738365553317,0.0,0.0,3345.8755803140857,3345.8755803140857,1.1857891901156321e-07,1.0,1.0,0.0,0.0,False
1995,transpose_row_output_fd_without_inventory,transpose_row_fd_without_inventory,input_panel:transpose_row_fd_without_inventory:K:data\abm_v3\inputs\abm_v3_historical_panel_1995_2016_transpose_row_fd_without_inventory.parquet,106,3345.8755803140857,3345.8755803140857,3345.8755803140857,0.0,0.0,3154.790186762615,3154.790186762615,1.118067905021984e-07,1.0,1.0,0.0,0.0,False
1995,transpose_row_output_fd_without_inventory,transpose_row_fd_without_inventory,input_panel:transpose_row_fd_without_inventory:K:data\abm_v3\inputs\abm_v3_historical_panel_1995_2016_transpose_row_fd_without_inventory.parquet,107,3154.790186762615,3154.790186762615,3154.790186762615,0.0,0.0,2974.7858368265734,2974.7858368265734,1.0542737778333357e-07,1.0,1.0,0.0,0.0,False
1995,transpose_row_output_fd_without_inventory,transpose_row_fd_without_inventory,input_panel:transpose_row_fd_without_inventory:K:data\abm_v3\inputs\abm_v3_historical_panel_1995_2016_transpose_row_fd_without_inventory.parquet,108,2974.7858368265734,2974.7858368265734,2974.7858368265734,0.0,0.0,2805.208239414988,2805.208239414988,9.941749256585747e-08,1.0,1.0,0.0,0.0,False
1995,transpose_row_output_fd_without_inventory,transpose_row_fd_without_inventory,input_panel:transpose_row_fd_without_inventory:K:data\abm_v3\inputs\abm_v3_historical_panel_1995_2016_transpose_row_fd_without_inventory.parquet,109,2805.208239414988,2805.208239414988,2805.208239414988,0.0,0.0,2645.442557539546,2645.442557539546,9.3755344826892e-08,1.0,1.0,0.0,0.0,False
1995,transpose_row_output_fd_without_inventory,transpose_row_fd_without_inventory,input_panel:transpose_row_fd_without_inventory:K:data\abm_v3\inputs\abm_v3_historical_panel_1995_2016_transpose_row_fd_without_inventory.parquet,110,2645.442557539546,2645.442557539546,2645.442557539546,0.0,0.0,2494.910971059983,2494.910971059983,8.842045643269575e-08,1.0,1.0,0.0,0.0,False
1995,transpose_row_output_fd_without_inventory,transpose_row_fd_without_inventory,input_panel:transpose_row_fd_without_inventory:K:data\abm_v3\inputs\abm_v3_historical_panel_1995_2016_transpose_row_fd_without_inventory.parquet,111,2494.910971059983,2494.910971059983,2494.910971059983,0.0,0.0,2353.0703941770153,2353.0703941770153,8.339358024587115e-08,1.0,1.0,0.0,0.0,False
1995,transpose_row_output_fd_without_inventory,transpose_row_fd_without_inventory,input_panel:transpose_row_fd_without_inventory:K:data\abm_v3\inputs\abm_v3_historical_panel_1995_2016_transpose_row_fd_without_inventory.parquet,112,2353.0703941770153,2353.0703941770153,2353.0703941770153,0.0,0.0,2219.410337536918,2219.410337536918,7.865662435765512e-08,1.0,1.0,0.0,0.0,False
1995,transpose_row_output_fd_without_inventory,transpose_row_fd_without_inventory,input_panel:transpose_row_fd_without_inventory:K:data\abm_v3\inputs\abm_v3_historical_panel_1995_2016_transpose_row_fd_without_inventory.parquet,113,2219.410337536918,2219.410337536918,2219.410337536918,0.0,0.0,2093.450905500107,2093.450905500107,7.419258111046617e-08,1.0,1.0,0.0,0.0,False
1995,transpose_row_output_fd_without_inventory,transpose_row_fd_without_inventory,input_panel:transpose_row_fd_without_inventory:K:data\abm_v3\inputs\abm_v3_historical_panel_1995_2016_transpose_row_fd_without_inventory.parquet,114,2093.450905500107,2093.450905500107,2093.450905500107,0.0,0.0,1974.7409197653815,1974.7409197653815,6.998546059853713e-08,1.0,1.0,0.0,0.0,False
1995,transpose_row_output_fd_without_inventory,transpose_row_fd_without_inventory,input_panel:transpose_row_fd_without_inventory:K:data\abm_v3\inputs\abm_v3_historical_panel_1995_2016_transpose_row_fd_without_inventory.parquet,115,1974.7409197653815,1974.7409197653815,1974.7409197653815,0.0,0.0,1862.8561611355776,1862.8561611355776,6.602022835551799e-08,1.0,1.0,0.0,0.0,False
1995,transpose_row_output_fd_without_inventory,transpose_row_fd_without_inventory,input_panel:transpose_row_fd_without_inventory:K:data\abm_v3\inputs\abm_v3_historical_panel_1995_2016_transpose_row_fd_without_inventory.parquet,116,1862.8561611355776,1862.8561611355776,1862.8561611355776,0.0,0.0,1757.3977217631325,1757.3977217631325,6.228274695752257e-08,1.0,1.0,0.0,0.0,False
1995,transpose_row_output_fd_without_inventory,transpose_row_fd_without_inventory,input_panel:transpose_row_fd_without_inventory:K:data\abm_v3\inputs\abm_v3_historical_panel_1995_2016_transpose_row_fd_without_inventory.parquet,117,1757.3977217631325,1757.3977217631325,1757.3977217631325,0.0,0.0,1657.990460727621,1657.990460727621,5.8759721288294094e-08,1.0,1.0,0.0,0.0,False
1995,transpose_row_output_fd_without_inventory,transpose_row_fd_without_inventory,input_panel:transpose_row_fd_without_inventory:K:data\abm_v3\inputs\abm_v3_historical_panel_1995_2016_transpose_row_fd_without_inventory.parquet,118,1657.990460727621,1657.990460727621,1657.990460727621,0.0,0.0,1564.2815562754213,1564.2815562754213,5.543864723010792e-08,1.0,1.0,0.0,0.0,False
1995,transpose_row_output_fd_without_inventory,transpose_row_fd_without_inventory,input_panel:transpose_row_fd_without_inventory:K:data\abm_v3\inputs\abm_v3_historical_panel_1995_2016_transpose_row_fd_without_inventory.parquet,119,1564.2815562754213,1564.2815562754213,1564.2815562754213,0.0,0.0,1475.9391484964033,1475.9391484964033,5.230776355979186e-08,1.0,1.0,0.0,0.0,False
1995,transpose_row_output_fd_without_inventory,transpose_row_fd_without_inventory,input_panel:transpose_row_fd_without_inventory:K:data\abm_v3\inputs\abm_v3_historical_panel_1995_2016_transpose_row_fd_without_inventory.parquet,120,1475.9391484964033,1475.9391484964033,1475.9391484964033,0.0,0.0,1392.6510666265362,1392.6510666265362,4.935600684391652e-08,1.0,1.0,0.0,0.0,False
1995,transpose_row_output_fd_without_inventory,transpose_row_fd_without_inventory,input_panel:transpose_row_fd_without_inventory:K:data\abm_v3\inputs\abm_v3_historical_panel_1995_2016_transpose_row_fd_without_inventory.parquet,121,1392.6510666265362,1392.6510666265362,1392.6510666265362,0.0,0.0,1314.123635550664,1314.123635550664,4.6572969140865447e-08,1.0,1.0,0.0,0.0,False
1995,transpose_row_output_fd_without_inventory,transpose_row_fd_without_inventory,input_panel:transpose_row_fd_without_inventory:K:data\abm_v3\inputs\abm_v3_historical_panel_1995_2016_transpose_row_fd_without_inventory.parquet,122,1314.123635550664,1314.123635550664,1314.123635550664,0.0,0.0,1240.0805564387106,1240.0805564387106,4.3948858330218124e-08,1.0,1.0,0.0,0.0,False
1995,transpose_row_output_fd_without_inventory,transpose_row_fd_without_inventory,input_panel:transpose_row_fd_without_inventory:K:data\abm_v3\inputs\abm_v3_historical_panel_1995_2016_transpose_row_fd_without_inventory.parquet,123,1240.0805564387106,1240.0805564387106,1240.0805564387106,0.0,0.0,1170.2618567827565,1170.2618567827565,4.147446090172233e-08,1.0,1.0,0.0,0.0,False
1995,transpose_row_output_fd_without_inventory,transpose_row_fd_without_inventory,input_panel:transpose_row_fd_without_inventory:K:data\abm_v3\inputs\abm_v3_historical_panel_1995_2016_transpose_row_fd_without_inventory.parquet,124,1170.2618567827565,1170.2618567827565,1170.2618567827565,0.0,0.0,1104.4229054140662,1104.4229054140662,3.914110704717724e-08,1.0,1.0,0.0,0.0,False
1995,transpose_row_output_fd_without_inventory,transpose_row_fd_without_inventory,input_panel:transpose_row_fd_without_inventory:K:data\abm_v3\inputs\abm_v3_historical_panel_1995_2016_transpose_row_fd_without_inventory.parquet,125,1104.4229054140662,1104.4229054140662,1104.4229054140662,0.0,0.0,1042.3334883692085,1042.3334883692085,3.694063790882804e-08,1.0,1.0,0.0,0.0,False
1995,transpose_row_output_fd_without_inventory,transpose_row_fd_without_inventory,input_panel:transpose_row_fd_without_inventory:K:data\abm_v3\inputs\abm_v3_historical_panel_1995_2016_transpose_row_fd_without_inventory.parquet,126,1042.3334883692085,1042.3334883692085,1042.3334883692085,0.0,0.0,983.7769417451235,983.7769417451235,3.4865374847467464e-08,1.0,1.0,0.0,0.0,False
1995,transpose_row_output_fd_without_inventory,transpose_row_fd_without_inventory,input_panel:transpose_row_fd_without_inventory:K:data\abm_v3\inputs\abm_v3_historical_panel_1995_2016_transpose_row_fd_without_inventory.parquet,127,983.7769417451235,983.7769417451235,983.7769417451235,0.0,0.0,928.5493379350822,928.5493379350822,3.2908090602373444e-08,1.0,1.0,0.0,0.0,False
1995,transpose_row_output_fd_without_inventory,transpose_row_fd_without_inventory,input_panel:transpose_row_fd_without_inventory:K:data\abm_v3\inputs\abm_v3_historical_panel_1995_2016_transpose_row_fd_without_inventory.parquet,128,928.5493379350822,928.5493379350822,928.5493379350822,0.0,0.0,876.4587218727928,876.4587218727928,3.106198222355177e-08,1.0,1.0,0.0,0.0,False
1995,transpose_row_output_fd_without_inventory,transpose_row_fd_without_inventory,input_panel:transpose_row_fd_without_inventory:K:data\abm_v3\inputs\abm_v3_historical_panel_1995_2016_transpose_row_fd_without_inventory.parquet,129,876.4587218727928,876.4587218727928,876.4587218727928,0.0,0.0,827.3243941311082,827.3243941311082,2.9320645664521118e-08,1.0,1.0,0.0,0.0,False
1995,transpose_row_output_fd_without_inventory,transpose_row_fd_without_inventory,input_panel:transpose_row_fd_without_inventory:K:data\abm_v3\inputs\abm_v3_historical_panel_1995_2016_transpose_row_fd_without_inventory.parquet,130,827.3243941311082,827.3243941311082,827.3243941311082,0.0,0.0,780.9762379265869,780.9762379265869,2.7678051931135703e-08,1.0,1.0,0.0,0.0,False
1995,transpose_row_output_fd_without_inventory,transpose_row_fd_without_inventory,input_panel:transpose_row_fd_without_inventory:K:data\abm_v3\inputs\abm_v3_historical_panel_1995_2016_transpose_row_fd_without_inventory.parquet,131,780.9762379265869,780.9762379265869,780.9762379265869,0.0,0.0,737.2540872719396,737.2540872719396,2.6128524688702467e-08,1.0,1.0,0.0,0.0,False
1995,transpose_row_output_fd_without_inventory,transpose_row_fd_without_inventory,input_panel:transpose_row_fd_without_inventory:K:data\abm_v3\inputs\abm_v3_historical_panel_1995_2016_transpose_row_fd_without_inventory.parquet,132,737.2540872719396,737.2540872719396,737.2540872719396,0.0,0.0,696.007133696612,696.007133696612,2.4666719235965533e-08,1.0,1.0,0.0,0.0,False
1995,transpose_row_output_fd_without_inventory,transpose_row_fd_without_inventory,input_panel:transpose_row_fd_without_inventory:K:data\abm_v3\inputs\abm_v3_historical_panel_1995_2016_transpose_row_fd_without_inventory.parquet,133,696.007133696612,696.007133696612,696.007133696612,0.0,0.0,657.0933691220636,657.0933691220636,2.3287602760424846e-08,1.0,1.0,0.0,0.0,False
1995,transpose_row_output_fd_without_inventory,transpose_row_fd_without_inventory,input_panel:transpose_row_fd_without_inventory:K:data\abm_v3\inputs\abm_v3_historical_panel_1995_2016_transpose_row_fd_without_inventory.parquet,134,657.0933691220636,657.0933691220636,657.0933691220636,0.0,0.0,620.3790626334979,620.3790626334979,2.1986435794956077e-08,1.0,1.0,0.0,0.0,False
1995,transpose_row_output_fd_without_inventory,transpose_row_fd_without_inventory,input_panel:transpose_row_fd_without_inventory:K:data\abm_v3\inputs\abm_v3_historical_panel_1995_2016_transpose_row_fd_without_inventory.parquet,135,620.3790626334979,620.3790626334979,620.3790626334979,0.0,0.0,585.7382690347963,585.7382690347963,2.0758754800837605e-08,1.0,1.0,0.0,0.0,False
1995,transpose_row_output_fd_without_inventory,transpose_row_fd_without_inventory,input_panel:transpose_row_fd_without_inventory:K:data\abm_v3\inputs\abm_v3_historical_panel_1995_2016_transpose_row_fd_without_inventory.parquet,136,585.7382690347963,585.7382690347963,585.7382690347963,0.0,0.0,553.0523672087202,553.0523672087202,1.9600355807085915e-08,1.0,1.0,0.0,0.0,False
1995,transpose_row_output_fd_without_inventory,transpose_row_fd_without_inventory,input_panel:transpose_row_fd_without_inventory:K:data\abm_v3\inputs\abm_v3_historical_panel_1995_2016_transpose_row_fd_without_inventory.parquet,137,553.0523672087202,553.0523672087202,553.0523672087202,0.0,0.0,522.2096264309281,522.2096264309281,1.8507279040483276e-08,1.0,1.0,0.0,0.0,False
1995,transpose_row_output_fd_without_inventory,transpose_row_fd_without_inventory,input_panel:transpose_row_fd_without_inventory:K:data\abm_v3\inputs\abm_v3_historical_panel_1995_2016_transpose_row_fd_without_inventory.parquet,138,522.2096264309281,522.2096264309281,522.2096264309281,0.0,0.0,493.10479890441474,493.10479890441474,1.747579448486571e-08,1.0,1.0,0.0,0.0,False
1995,transpose_row_output_fd_without_inventory,transpose_row_fd_without_inventory,input_panel:transpose_row_fd_without_inventory:K:data\abm_v3\inputs\abm_v3_historical_panel_1995_2016_transpose_row_fd_without_inventory.parquet,139,493.10479890441474,493.10479890441474,493.10479890441474,0.0,0.0,465.6387368913676,465.6387368913676,1.6502388312151436e-08,1.0,1.0,0.0,0.0,False
1995,transpose_row_output_fd_without_inventory,transpose_row_fd_without_inventory,input_panel:transpose_row_fd_without_inventory:K:data\abm_v3\inputs\abm_v3_historical_panel_1995_2016_transpose_row_fd_without_inventory.parquet,140,465.6387368913676,465.6387368913676,465.6387368913676,0.0,0.0,439.71803292252207,439.71803292252207,1.5583750131243373e-08,1.0,1.0,0.0,0.0,False
1995,transpose_row_output_fd_without_inventory,transpose_row_fd_without_inventory,input_panel:transpose_row_fd_without_inventory:K:data\abm_v3\inputs\abm_v3_historical_panel_1995_2016_transpose_row_fd_without_inventory.parquet,141,439.71803292252207,439.71803292252207,439.71803292252207,0.0,0.0,415.2546816605243,415.2546816605243,1.4716761004356727e-08,1.0,1.0,0.0,0.0,False
1995,transpose_row_output_fd_without_inventory,transpose_row_fd_without_inventory,input_panel:transpose_row_fd_without_inventory:K:data\abm_v3\inputs\abm_v3_historical_panel_1995_2016_transpose_row_fd_without_inventory.parquet,142,415.2546816605243,415.2546816605243,415.2546816605243,0.0,0.0,392.1657620838401,392.1657620838401,1.3898482183513329e-08,1.0,1.0,0.0,0.0,False
1995,transpose_row_output_fd_without_inventory,transpose_row_fd_without_inventory,input_panel:transpose_row_fd_without_inventory:K:data\abm_v3\inputs\abm_v3_historical_panel_1995_2016_transpose_row_fd_without_inventory.parquet,143,392.1657620838401,392.1657620838401,392.1657620838401,0.0,0.0,370.3731387420355,370.3731387420355,1.312614452293159e-08,1.0,1.0,0.0,0.0,False
1995,transpose_row_output_fd_without_inventory,transpose_row_fd_without_inventory,input_panel:transpose_row_fd_without_inventory:K:data\abm_v3\inputs\abm_v3_historical_panel_1995_2016_transpose_row_fd_without_inventory.parquet,144,370.3731387420355,370.3731387420355,370.3731387420355,0.0,0.0,349.80318091197074,349.80318091197074,1.2397138525830661e-08,1.0,1.0,0.0,0.0,False
1995,transpose_row_output_fd_without_inventory,transpose_row_fd_without_inventory,input_panel:transpose_row_fd_without_inventory:K:data\abm_v3\inputs\abm_v3_historical_panel_1995_2016_transpose_row_fd_without_inventory.parquet,145,349.80318091197074,349.80318091197074,349.80318091197074,0.0,0.0,330.38649855811576,330.38649855811576,1.1709004986778116e-08,1.0,1.0,0.0,0.0,False
1995,transpose_row_output_fd_without_inventory,transpose_row_fd_without_inventory,input_panel:transpose_row_fd_without_inventory:K:data\abm_v3\inputs\abm_v3_historical_panel_1995_2016_transpose_row_fd_without_inventory.parquet,146,330.38649855811576,330.38649855811576,330.38649855811576,0.0,0.0,312.05769406910076,312.05769406910076,1.1059426193152544e-08,1.0,1.0,0.0,0.0,False
1995,transpose_row_output_fd_without_inventory,transpose_row_fd_without_inventory,input_panel:transpose_row_fd_without_inventory:K:data\abm_v3\inputs\abm_v3_historical_panel_1995_2016_transpose_row_fd_without_inventory.parquet,147,312.05769406910076,312.05769406910076,312.05769406910076,0.0,0.0,294.7551288070275,294.7551288070275,1.0446217651575194e-08,1.0,1.0,0.0,0.0,False
1995,transpose_row_output_fd_without_inventory,transpose_row_fd_without_inventory,input_panel:transpose_row_fd_without_inventory:K:data\abm_v3\inputs\abm_v3_historical_panel_1995_2016_transpose_row_fd_without_inventory.parquet,148,294.7551288070275,294.7551288070275,294.7551288070275,0.0,0.0,278.4207035663872,278.4207035663872,9.867320307302608e-09,1.0,1.0,0.0,0.0,True
